{"correct":0,"total":1,"failedTests":["root -> 0: \n                    FAILED: Incorrect answer. Misfit is 0.03128313169024613,'\n                    that is larger than eps (0.0001)","root -> 1: \n                    FAILED: Incorrect answer. Misfit is 0.014471175565401999,'\n                    that is larger than eps (0.0001)","root -> 2: \n                    FAILED: Incorrect answer. Misfit is 0.013791779004897625,'\n                    that is larger than eps (0.0001)","root -> 3: \n                    FAILED: Incorrect answer. Misfit is 0.04388221763336643,'\n                    that is larger than eps (0.0001)","root -> 4: \n                    FAILED: Incorrect answer. Misfit is 0.11469311044209012,'\n                    that is larger than eps (0.0001)","root -> 5: \n                    FAILED: Incorrect answer. Misfit is 0.015493920064834422,'\n                    that is larger than eps (0.0001)","root -> 6: \n                    FAILED: Incorrect answer. Misfit is 0.050949807339994595,'\n                    that is larger than eps (0.0001)","root -> 7: \n                    FAILED: Incorrect answer. Misfit is 0.0476165730747678,'\n                    that is larger than eps (0.0001)","root -> 8: \n                    FAILED: Incorrect answer. Misfit is 0.022727248462946173,'\n                    that is larger than eps (0.0001)","root -> 9: \n                    FAILED: Incorrect answer. Misfit is 0.044417200777598156,'\n                    that is larger than eps (0.0001)","root -> 10: \n                    FAILED: Incorrect answer. Misfit is 0.03490741240239921,'\n                    that is larger than eps (0.0001)","root -> 11: \n                    FAILED: Incorrect answer. Misfit is 0.03266904896439641,'\n                    that is larger than eps (0.0001)","root -> 12: \n                    FAILED: Incorrect answer. Misfit is 0.034906381492855645,'\n                    that is larger than eps (0.0001)","root -> 13: \n                    FAILED: Incorrect answer. Misfit is 0.1295958926347249,'\n                    that is larger than eps (0.0001)","root -> 14: \n                    FAILED: Incorrect answer. Misfit is 0.018516173844887882,'\n                    that is larger than eps (0.0001)","root -> 15: \n                    FAILED: Incorrect answer. Misfit is 0.06962464257833317,'\n                    that is larger than eps (0.0001)","root -> 16: \n                    FAILED: Incorrect answer. Misfit is 0.13583728006852816,'\n                    that is larger than eps (0.0001)","root -> 17: \n                    FAILED: Incorrect answer. Misfit is 0.07610312466042389,'\n                    that is larger than eps (0.0001)","root -> 18: \n                    FAILED: Incorrect answer. Misfit is 0.021825285974627375,'\n                    that is larger than eps (0.0001)","root -> 19: \n                    FAILED: Incorrect answer. Misfit is 0.06047652074589081,'\n                    that is larger than eps (0.0001)","root -> 20: \n                    FAILED: Incorrect answer. Misfit is 0.0008241196615963494,'\n                    that is larger than eps (0.0001)","root -> 21: \n                    FAILED: Incorrect answer. Misfit is 0.06557114754615902,'\n                    that is larger than eps (0.0001)","root -> 22: \n                    FAILED: Incorrect answer. Misfit is 0.0570374638384817,'\n                    that is larger than eps (0.0001)","root -> 23: \n                    FAILED: Incorrect answer. Misfit is 0.02169337578339404,'\n                    that is larger than eps (0.0001)","root -> 24: \n                    FAILED: Incorrect answer. Misfit is 0.03383921812623081,'\n                    that is larger than eps (0.0001)","root -> 25: \n                    FAILED: Incorrect answer. Misfit is 0.013159257363721517,'\n                    that is larger than eps (0.0001)","root -> 26: \n                    FAILED: Incorrect answer. Misfit is 0.040814202063906097,'\n                    that is larger than eps (0.0001)","root -> 27: \n                    FAILED: Incorrect answer. Misfit is 0.0758020367514169,'\n                    that is larger than eps (0.0001)","root -> 28: \n                    FAILED: Incorrect answer. Misfit is 0.029809432930410835,'\n                    that is larger than eps (0.0001)","root -> 29: \n                    FAILED: Incorrect answer. Misfit is 0.014055471099035181,'\n                    that is larger than eps (0.0001)","root -> 30: \n                    FAILED: Incorrect answer. Misfit is 0.03559182058749638,'\n                    that is larger than eps (0.0001)","root -> 31: \n                    FAILED: Incorrect answer. Misfit is 0.002543503940253429,'\n                    that is larger than eps (0.0001)","root -> 32: \n                    FAILED: Incorrect answer. Misfit is 0.0037348762043042417,'\n                    that is larger than eps (0.0001)","root -> 33: \n                    FAILED: Incorrect answer. Misfit is 0.02825440935301323,'\n                    that is larger than eps (0.0001)","root -> 34: \n                    FAILED: Incorrect answer. Misfit is 0.06220800704774578,'\n                    that is larger than eps (0.0001)","root -> 35: \n                    FAILED: Incorrect answer. Misfit is 0.0032460001380074702,'\n                    that is larger than eps (0.0001)","root -> 36: \n                    FAILED: Incorrect answer. Misfit is 0.029183383438872848,'\n                    that is larger than eps (0.0001)","root -> 37: \n                    FAILED: Incorrect answer. Misfit is 0.002220795519101592,'\n                    that is larger than eps (0.0001)","root -> 38: \n                    FAILED: Incorrect answer. Misfit is 0.1857888880015846,'\n                    that is larger than eps (0.0001)","root -> 39: \n                    FAILED: Incorrect answer. Misfit is 0.013463193775544127,'\n                    that is larger than eps (0.0001)","root -> 40: \n                    FAILED: Incorrect answer. Misfit is 0.00489603640893213,'\n                    that is larger than eps (0.0001)","root -> 41: \n                    FAILED: Incorrect answer. Misfit is 0.039218373804089525,'\n                    that is larger than eps (0.0001)","root -> 42: \n                    FAILED: Incorrect answer. Misfit is 0.02043206144001072,'\n                    that is larger than eps (0.0001)","root -> 43: \n                    FAILED: Incorrect answer. Misfit is 0.021718360126120467,'\n                    that is larger than eps (0.0001)","root -> 44: \n                    FAILED: Incorrect answer. Misfit is 0.04274559619331923,'\n                    that is larger than eps (0.0001)","root -> 45: \n                    FAILED: Incorrect answer. Misfit is 0.016981291626015183,'\n                    that is larger than eps (0.0001)","root -> 46: \n                    FAILED: Incorrect answer. Misfit is 0.07671574967744506,'\n                    that is larger than eps (0.0001)","root -> 47: \n                    FAILED: Incorrect answer. Misfit is 0.03340918862553659,'\n                    that is larger than eps (0.0001)","root -> 48: \n                    FAILED: Incorrect answer. Misfit is 0.053521505331939195,'\n                    that is larger than eps (0.0001)","root -> 49: \n                    FAILED: Incorrect answer. Misfit is 0.012813959541021451,'\n                    that is larger than eps (0.0001)","root -> 50: \n                    FAILED: Incorrect answer. Misfit is 0.02483545870174648,'\n                    that is larger than eps (0.0001)","root -> 51: \n                    FAILED: Incorrect answer. Misfit is 0.14426159038202513,'\n                    that is larger than eps (0.0001)","root -> 52: \n                    FAILED: Incorrect answer. Misfit is 0.014244915701587755,'\n                    that is larger than eps (0.0001)","root -> 53: \n                    FAILED: Incorrect answer. Misfit is 0.07250405620986371,'\n          